Loan_ID,Gender,Married,Dependents,Education,Self_Employed,ApplicantIncome,CoapplicantIncome,LoanAmount,Loan_Amount_Term,Credit_History,Property_Area,Total_Income,Loan_Status,Ratio
LP001326,Male,No,0,Graduate,No,6782,0.0,130371.42857142857,360.0,1.0,Urban,6782.0,N,19.223153726250157
LP001034,Male,No,1,Not Graduate,No,3596,0.0,100000.0,240.0,0.0,Urban,3596.0,Y,27.808676307007786
LP001052,Male,Yes,1,Graduate,No,3717,2925.0,151000.0,360.0,1.0,Semiurban,6642.0,N,22.73411623005119
LP001091,Male,Yes,1,Graduate,No,4166,3369.0,201000.0,360.0,1.0,Urban,7535.0,N,26.675514266755144
LP001123,Male,Yes,0,Graduate,No,2400,0.0,75000.0,360.0,1.0,Urban,2400.0,Y,31.25
LP001264,Male,Yes,3+,Not Graduate,Yes,3333,2166.0,130000.0,360.0,0.0,Semiurban,5499.0,Y,23.64066193853428
LP001273,Male,Yes,0,Graduate,No,6000,2250.0,265000.0,360.0,1.0,Semiurban,8250.0,N,32.121212121212125
LP001280,Male,Yes,2,Not Graduate,No,3333,2000.0,99000.0,360.0,0.0,Semiurban,5333.0,Y,18.5636602287643
LP001405,Male,Yes,1,Graduate,No,2214,1398.0,85000.0,360.0,1.0,Urban,3612.0,Y,23.53266888150609
LP001443,Female,No,0,Graduate,No,3692,0.0,93000.0,360.0,1.0,Rural,3692.0,Y,25.189599133261105
LP001465,Male,Yes,0,Graduate,No,6080,2569.0,182000.0,360.0,1.0,Rural,8649.0,N,21.042895132385247
LP001469,Male,No,0,Graduate,Yes,20166,0.0,650000.0,480.0,1.0,Urban,20166.0,Y,32.2324704948924
LP001541,Male,Yes,1,Graduate,No,6000,0.0,160000.0,360.0,1.0,Rural,6000.0,Y,26.666666666666668
LP001634,Male,No,0,Graduate,No,1916,5063.0,67000.0,360.0,1.0,Rural,6979.0,N,9.60022925920619
LP001643,Male,Yes,0,Graduate,No,2383,2138.0,58000.0,360.0,1.0,Rural,4521.0,Y,12.829020128290201
LP001671,Female,Yes,0,Graduate,No,3416,2816.0,113000.0,360.0,1.0,Semiurban,6232.0,Y,18.13222079589217
LP001734,Female,Yes,2,Graduate,No,4283,2383.0,127000.0,360.0,1.0,Semiurban,6666.0,Y,19.05190519051905
LP001786,Male,Yes,0,Graduate,No,5746,0.0,255000.0,360.0,1.0,Urban,5746.0,N,44.37869822485207
LP001788,Female,No,0,Graduate,Yes,3463,0.0,122000.0,360.0,1.0,Urban,3463.0,Y,35.229569737222064
LP001864,Male,Yes,3+,Not Graduate,No,4931,0.0,128000.0,360.0,0.0,Semiurban,4931.0,N,25.958223484080307
LP001865,Male,Yes,1,Graduate,No,6083,4250.0,330000.0,360.0,1.0,Urban,10333.0,Y,31.93651408109939
LP001908,Female,Yes,0,Not Graduate,No,4100,0.0,124000.0,360.0,0.0,Rural,4100.0,Y,30.24390243902439
LP001998,Male,Yes,2,Not Graduate,No,7667,0.0,185000.0,360.0,0.0,Rural,7667.0,Y,24.129385678883526
LP002008,Male,Yes,2,Graduate,Yes,5746,0.0,144000.0,84.0,1.0,Rural,5746.0,Y,25.06091193873999
LP002036,Male,Yes,0,Graduate,No,2058,2134.0,88000.0,360.0,1.0,Urban,4192.0,Y,20.99236641221374
LP002043,Female,No,1,Graduate,No,3541,0.0,112000.0,360.0,1.0,Semiurban,3541.0,Y,31.62948319683705
LP002055,Female,No,0,Graduate,No,3166,2985.0,132000.0,360.0,1.0,Rural,6151.0,Y,21.459925215412127
LP002137,Male,Yes,0,Graduate,No,6333,4583.0,259000.0,360.0,1.0,Semiurban,10916.0,Y,23.72663979479663
LP002178,Male,Yes,0,Graduate,No,3013,3033.0,95000.0,300.0,1.0,Urban,6046.0,Y,15.7128680119087
LP002223,Male,Yes,0,Graduate,No,4310,0.0,130000.0,360.0,1.0,Semiurban,4310.0,Y,30.162412993039442
LP002263,Male,Yes,0,Graduate,No,2583,2115.0,120000.0,360.0,1.0,Urban,4698.0,Y,25.54278416347382
LP002272,Male,Yes,2,Graduate,No,3276,484.0,135000.0,360.0,1.0,Semiurban,3760.0,Y,35.90425531914894
LP002319,Male,Yes,0,Graduate,No,6256,0.0,160000.0,360.0,1.0,Urban,6256.0,Y,25.575447570332482
LP002424,Male,Yes,0,Graduate,No,7333,8333.0,175000.0,300.0,1.0,Rural,15666.0,Y,11.170688114387847
LP002444,Male,No,1,Not Graduate,Yes,2769,1542.0,190000.0,360.0,0.0,Semiurban,4311.0,N,44.07330085826954
LP002447,Male,Yes,2,Not Graduate,No,1958,1456.0,60000.0,300.0,0.0,Urban,3414.0,Y,17.57469244288225
LP002478,Male,Yes,0,Graduate,Yes,2083,4083.0,160000.0,360.0,1.0,Semiurban,6166.0,Y,25.948751216347713
LP002522,Female,No,0,Graduate,Yes,2500,0.0,93000.0,360.0,1.0,Urban,2500.0,Y,37.2
LP002560,Male,No,0,Not Graduate,No,2699,2785.0,96000.0,360.0,0.0,Semiurban,5484.0,Y,17.505470459518598
LP002562,Male,Yes,1,Not Graduate,No,5333,1131.0,186000.0,360.0,0.0,Urban,6464.0,Y,28.774752475247524
LP002588,Male,Yes,0,Graduate,No,4625,2857.0,111000.0,12.0,1.0,Urban,7482.0,Y,14.83560545308741
LP002618,Male,Yes,1,Not Graduate,No,4050,5302.0,138000.0,360.0,0.0,Rural,9352.0,N,14.756201881950386
LP002624,Male,Yes,0,Graduate,No,20833,6667.0,480000.0,360.0,1.0,Urban,27500.0,Y,17.454545454545453
LP002717,Male,Yes,0,Graduate,No,1025,5500.0,216000.0,360.0,1.0,Rural,6525.0,Y,33.10344827586207
LP002729,Male,No,1,Graduate,No,11250,0.0,196000.0,360.0,1.0,Semiurban,11250.0,N,17.42222222222222
LP002757,Female,Yes,0,Not Graduate,No,3017,663.0,102000.0,360.0,0.0,Semiurban,3680.0,Y,27.717391304347824
LP002794,Female,No,0,Graduate,No,2667,1625.0,84000.0,360.0,1.0,Urban,4292.0,Y,19.571295433364398
LP002833,Male,Yes,0,Not Graduate,No,4467,0.0,120000.0,360.0,0.0,Rural,4467.0,Y,26.863666890530556
LP002898,Male,Yes,1,Graduate,No,1880,0.0,61000.0,360.0,1.0,Rural,1880.0,N,32.4468085106383
LP002949,Female,No,3+,Graduate,No,416,41667.0,350000.0,180.0,1.0,Urban,42083.0,N,8.31689755958463
LP001002,Male,No,0,Graduate,No,5849,0.0,130371.42857142857,360.0,1.0,Urban,5849.0,Y,22.289524460835796
LP001106,Male,Yes,0,Graduate,No,2275,2067.0,147510.63829787233,360.0,1.0,Urban,4342.0,Y,33.97297058910003
LP001213,Male,Yes,1,Graduate,No,4945,0.0,149875.0,360.0,0.0,Rural,4945.0,N,30.308392315470172
LP001266,Male,Yes,1,Graduate,Yes,2395,0.0,156260.86956521738,360.0,1.0,Semiurban,2395.0,Y,65.2446219478987
LP001350,Male,Yes,0,Graduate,No,13650,0.0,147510.63829787233,360.0,1.0,Urban,13650.0,Y,10.806640168342295
LP001356,Male,Yes,0,Graduate,No,4652,3583.0,145103.44827586206,360.0,1.0,Semiurban,8235.0,Y,17.620333731130792
LP001392,Female,No,1,Graduate,Yes,7451,0.0,112428.57142857143,360.0,1.0,Semiurban,7451.0,Y,15.089058036313439
LP001449,Male,No,0,Graduate,No,3865,1640.0,144416.66666666666,360.0,1.0,Rural,5505.0,Y,26.233726914925825
LP001682,Male,Yes,3+,Not Graduate,No,3992,0.0,171400.0,180.0,1.0,Urban,3992.0,N,42.93587174348698
LP001922,Male,Yes,0,Graduate,No,20667,0.0,152230.76923076922,360.0,1.0,Rural,20667.0,N,7.365886158163701
LP001990,Male,No,0,Not Graduate,No,2000,0.0,130371.42857142857,360.0,1.0,Urban,2000.0,N,65.18571428571428
LP002054,Male,Yes,2,Not Graduate,No,3601,1590.0,182739.13043478262,360.0,1.0,Rural,5191.0,Y,35.20306885663314
LP002113,Female,No,3+,Not Graduate,No,1830,0.0,350000.0,360.0,0.0,Urban,1830.0,N,191.2568306010929
LP002243,Male,Yes,0,Not Graduate,No,3010,3136.0,147510.63829787233,360.0,0.0,Urban,6146.0,N,24.00108010053243
LP002393,Female,Yes,0,Graduate,No,10047,0.0,124846.15384615384,240.0,1.0,Semiurban,10047.0,Y,12.42621218733491
LP002401,Male,Yes,0,Graduate,No,2213,1125.0,147510.63829787233,360.0,1.0,Urban,3338.0,Y,44.191323636270916
LP002533,Male,Yes,2,Graduate,No,2947,1603.0,143677.4193548387,360.0,1.0,Urban,4550.0,N,31.57745480326125
LP002697,Male,No,0,Graduate,No,4680,2087.0,126702.7027027027,360.0,1.0,Semiurban,6767.0,N,18.723614999660516
LP002778,Male,Yes,2,Graduate,Yes,6633,0.0,182739.13043478262,360.0,0.0,Rural,6633.0,N,27.54999705032152
LP002784,Male,Yes,1,Not Graduate,No,2492,2375.0,149875.0,360.0,1.0,Rural,4867.0,Y,30.79412369015821
LP002960,Male,Yes,0,Not Graduate,No,2400,3800.0,147510.63829787233,180.0,1.0,Urban,6200.0,N,23.792038435140697
LP001003,Male,Yes,1,Graduate,No,4583,1508.0,128000.0,360.0,1.0,Rural,6091.0,N,21.0146117222131
LP001005,Male,Yes,0,Graduate,Yes,3000,0.0,66000.0,360.0,1.0,Urban,3000.0,Y,22.0
LP001006,Male,Yes,0,Not Graduate,No,2583,2358.0,120000.0,360.0,1.0,Urban,4941.0,Y,24.286581663630844
LP001008,Male,No,0,Graduate,No,6000,0.0,141000.0,360.0,1.0,Urban,6000.0,Y,23.5
LP001011,Male,Yes,2,Graduate,Yes,5417,4196.0,267000.0,360.0,1.0,Urban,9613.0,Y,27.77488817226672
LP001013,Male,Yes,0,Not Graduate,No,2333,1516.0,95000.0,360.0,1.0,Urban,3849.0,Y,24.68173551571837
LP001014,Male,Yes,3+,Graduate,No,3036,2504.0,158000.0,360.0,0.0,Semiurban,5540.0,N,28.51985559566787
LP001018,Male,Yes,2,Graduate,No,4006,1526.0,168000.0,360.0,1.0,Urban,5532.0,Y,30.36876355748373
LP001020,Male,Yes,1,Graduate,No,12841,10968.0,349000.0,360.0,1.0,Semiurban,23809.0,N,14.658322483094627
LP001024,Male,Yes,2,Graduate,No,3200,700.0,70000.0,360.0,1.0,Urban,3900.0,Y,17.94871794871795
LP001027,Male,Yes,2,Graduate,No,2500,1840.0,109000.0,360.0,1.0,Urban,4340.0,Y,25.11520737327189
LP001028,Male,Yes,2,Graduate,No,3073,8106.0,200000.0,360.0,1.0,Urban,11179.0,Y,17.890687896949636
LP001029,Male,No,0,Graduate,No,1853,2840.0,114000.0,360.0,1.0,Rural,4693.0,N,24.291497975708502
LP001030,Male,Yes,2,Graduate,No,1299,1086.0,17000.0,120.0,1.0,Urban,2385.0,Y,7.127882599580713
LP001032,Male,No,0,Graduate,No,4950,0.0,125000.0,360.0,1.0,Urban,4950.0,Y,25.252525252525253
LP001036,Female,No,0,Graduate,No,3510,0.0,76000.0,360.0,0.0,Urban,3510.0,N,21.65242165242165
LP001038,Male,Yes,0,Not Graduate,No,4887,0.0,133000.0,360.0,1.0,Rural,4887.0,N,27.215060364231636
LP001041,Male,Yes,0,Graduate,No,2600,3500.0,115000.0,360.0,1.0,Urban,6100.0,Y,18.852459016393443
LP001043,Male,Yes,0,Not Graduate,No,7660,0.0,104000.0,360.0,0.0,Urban,7660.0,N,13.577023498694517
LP001046,Male,Yes,1,Graduate,No,5955,5625.0,315000.0,360.0,1.0,Urban,11580.0,Y,27.202072538860104
LP001047,Male,Yes,0,Not Graduate,No,2600,1911.0,116000.0,360.0,0.0,Semiurban,4511.0,N,25.71491908667701
LP001050,Male,Yes,2,Not Graduate,No,3365,1917.0,112000.0,360.0,0.0,Rural,5282.0,N,21.204089360090876
LP001066,Male,Yes,0,Graduate,Yes,9560,0.0,191000.0,360.0,1.0,Semiurban,9560.0,Y,19.97907949790795
LP001068,Male,Yes,0,Graduate,No,2799,2253.0,122000.0,360.0,1.0,Semiurban,5052.0,Y,24.14885193982581
LP001073,Male,Yes,2,Not Graduate,No,4226,1040.0,110000.0,360.0,1.0,Urban,5266.0,Y,20.888720091150777
LP001086,Male,No,0,Not Graduate,No,1442,0.0,35000.0,360.0,1.0,Urban,1442.0,N,24.271844660194176
LP001087,Female,No,2,Graduate,No,3750,2083.0,120000.0,360.0,1.0,Semiurban,5833.0,Y,20.5726041488085
LP001095,Male,No,0,Graduate,No,3167,0.0,74000.0,360.0,1.0,Urban,3167.0,N,23.365961477739184
LP001097,Male,No,1,Graduate,Yes,4692,0.0,106000.0,360.0,1.0,Rural,4692.0,N,22.59164535379369
LP001098,Male,Yes,0,Graduate,No,3500,1667.0,114000.0,360.0,1.0,Semiurban,5167.0,Y,22.063092703696537
LP001100,Male,No,3+,Graduate,No,12500,3000.0,320000.0,360.0,1.0,Rural,15500.0,N,20.64516129032258
LP001109,Male,Yes,0,Graduate,No,1828,1330.0,100000.0,360.0,0.0,Urban,3158.0,N,31.665611146295124
LP001112,Female,Yes,0,Graduate,No,3667,1459.0,144000.0,360.0,1.0,Semiurban,5126.0,Y,28.092079594225517
LP001114,Male,No,0,Graduate,No,4166,7210.0,184000.0,360.0,1.0,Urban,11376.0,Y,16.17440225035162
LP001116,Male,No,0,Not Graduate,No,3748,1668.0,110000.0,360.0,1.0,Semiurban,5416.0,Y,20.31019202363368
LP001119,Male,No,0,Graduate,No,3600,0.0,80000.0,360.0,1.0,Urban,3600.0,N,22.22222222222222
LP001120,Male,No,0,Graduate,No,1800,1213.0,47000.0,360.0,1.0,Urban,3013.0,Y,15.599070693660803
LP001131,Male,Yes,0,Graduate,No,3941,2336.0,134000.0,360.0,1.0,Semiurban,6277.0,Y,21.347777600764697
LP001136,Male,Yes,0,Not Graduate,Yes,4695,0.0,96000.0,360.0,1.0,Urban,4695.0,Y,20.447284345047922
LP001137,Female,No,0,Graduate,No,3410,0.0,88000.0,360.0,1.0,Urban,3410.0,Y,25.806451612903224
LP001138,Male,Yes,1,Graduate,No,5649,0.0,44000.0,360.0,1.0,Urban,5649.0,Y,7.788989201628607
LP001144,Male,Yes,0,Graduate,No,5821,0.0,144000.0,360.0,1.0,Urban,5821.0,Y,24.738017522762412
LP001146,Female,Yes,0,Graduate,No,2645,3440.0,120000.0,360.0,0.0,Urban,6085.0,N,19.72062448644207
LP001151,Female,No,0,Graduate,No,4000,2275.0,144000.0,360.0,1.0,Semiurban,6275.0,Y,22.948207171314742
LP001155,Female,Yes,0,Not Graduate,No,1928,1644.0,100000.0,360.0,1.0,Semiurban,3572.0,Y,27.99552071668533
LP001157,Female,No,0,Graduate,No,3086,0.0,120000.0,360.0,1.0,Semiurban,3086.0,Y,38.8852883992223
LP001164,Female,No,0,Graduate,No,4230,0.0,112000.0,360.0,1.0,Semiurban,4230.0,N,26.47754137115839
LP001179,Male,Yes,2,Graduate,No,4616,0.0,134000.0,360.0,1.0,Urban,4616.0,N,29.02946273830156
LP001186,Female,Yes,1,Graduate,Yes,11500,0.0,286000.0,360.0,0.0,Urban,11500.0,N,24.869565217391305
LP001194,Male,Yes,2,Graduate,No,2708,1167.0,97000.0,360.0,1.0,Semiurban,3875.0,Y,25.032258064516128
LP001195,Male,Yes,0,Graduate,No,2132,1591.0,96000.0,360.0,1.0,Semiurban,3723.0,Y,25.785656728444803
LP001197,Male,Yes,0,Graduate,No,3366,2200.0,135000.0,360.0,1.0,Rural,5566.0,N,24.254401724757457
LP001198,Male,Yes,1,Graduate,No,8080,2250.0,180000.0,360.0,1.0,Urban,10330.0,Y,17.424975798644724
LP001199,Male,Yes,2,Not Graduate,No,3357,2859.0,144000.0,360.0,1.0,Urban,6216.0,Y,23.166023166023166
LP001205,Male,Yes,0,Graduate,No,2500,3796.0,120000.0,360.0,1.0,Urban,6296.0,Y,19.05972045743329
LP001206,Male,Yes,3+,Graduate,No,3029,0.0,99000.0,360.0,1.0,Urban,3029.0,Y,32.684054143281614
LP001207,Male,Yes,0,Not Graduate,Yes,2609,3449.0,165000.0,180.0,0.0,Rural,6058.0,N,27.23671178606801
LP001222,Female,No,0,Graduate,No,4166,0.0,116000.0,360.0,0.0,Semiurban,4166.0,N,27.84445511281805
LP001225,Male,Yes,0,Graduate,No,5726,4595.0,258000.0,360.0,1.0,Semiurban,10321.0,N,24.997577754093594
LP001228,Male,No,0,Not Graduate,No,3200,2254.0,126000.0,180.0,0.0,Urban,5454.0,N,23.102310231023104
LP001233,Male,Yes,1,Graduate,No,10750,0.0,312000.0,360.0,1.0,Urban,10750.0,Y,29.023255813953487
LP001238,Male,Yes,3+,Not Graduate,Yes,7100,0.0,125000.0,60.0,1.0,Urban,7100.0,Y,17.6056338028169
LP001241,Female,No,0,Graduate,No,4300,0.0,136000.0,360.0,0.0,Semiurban,4300.0,N,31.627906976744185
LP001243,Male,Yes,0,Graduate,No,3208,3066.0,172000.0,360.0,1.0,Urban,6274.0,Y,27.41472744660504
LP001245,Male,Yes,2,Not Graduate,Yes,1875,1875.0,97000.0,360.0,1.0,Semiurban,3750.0,Y,25.866666666666667
LP001248,Male,No,0,Graduate,No,3500,0.0,81000.0,300.0,1.0,Semiurban,3500.0,Y,23.142857142857142
LP001250,Male,Yes,3+,Not Graduate,No,4755,0.0,95000.0,360.0,0.0,Semiurban,4755.0,N,19.978969505783386
LP001253,Male,Yes,3+,Graduate,Yes,5266,1774.0,187000.0,360.0,1.0,Semiurban,7040.0,Y,26.5625
LP001255,Male,No,0,Graduate,No,3750,0.0,113000.0,480.0,1.0,Urban,3750.0,N,30.133333333333333
LP001256,Male,No,0,Graduate,No,3750,4750.0,176000.0,360.0,1.0,Urban,8500.0,N,20.705882352941178
LP001259,Male,Yes,1,Graduate,Yes,1000,3022.0,110000.0,360.0,1.0,Urban,4022.0,N,27.349577324714073
LP001263,Male,Yes,3+,Graduate,No,3167,4000.0,180000.0,300.0,0.0,Semiurban,7167.0,N,25.115110925073253
LP001265,Female,No,0,Graduate,No,3846,0.0,111000.0,360.0,1.0,Semiurban,3846.0,Y,28.861154446177846
LP001267,Female,Yes,2,Graduate,No,1378,1881.0,167000.0,360.0,1.0,Urban,3259.0,N,51.2427124884934
LP001275,Male,Yes,1,Graduate,No,3988,0.0,50000.0,240.0,1.0,Urban,3988.0,Y,12.537612838515546
LP001279,Male,No,0,Graduate,No,2366,2531.0,136000.0,360.0,1.0,Semiurban,4897.0,Y,27.77210537063508
LP001282,Male,Yes,0,Graduate,No,2500,2118.0,104000.0,360.0,1.0,Semiurban,4618.0,Y,22.52057167605024
LP001289,Male,No,0,Graduate,No,8566,0.0,210000.0,360.0,1.0,Urban,8566.0,Y,24.515526500116742
LP001310,Male,Yes,0,Graduate,No,5695,4167.0,175000.0,360.0,1.0,Semiurban,9862.0,Y,17.744879334820524
LP001316,Male,Yes,0,Graduate,No,2958,2900.0,131000.0,360.0,1.0,Semiurban,5858.0,Y,22.362581085694778
LP001318,Male,Yes,2,Graduate,No,6250,5654.0,188000.0,180.0,1.0,Semiurban,11904.0,Y,15.793010752688172
LP001319,Male,Yes,2,Not Graduate,No,3273,1820.0,81000.0,360.0,1.0,Urban,5093.0,Y,15.904182210877675
LP001322,Male,No,0,Graduate,No,4133,0.0,122000.0,360.0,1.0,Semiurban,4133.0,Y,29.518509557222355
LP001325,Male,No,0,Not Graduate,No,3620,0.0,25000.0,120.0,1.0,Semiurban,3620.0,Y,6.906077348066298
LP001327,Female,Yes,0,Graduate,No,2484,2302.0,137000.0,360.0,1.0,Semiurban,4786.0,Y,28.625156707062263
LP001333,Male,Yes,0,Graduate,No,1977,997.0,50000.0,360.0,1.0,Semiurban,2974.0,Y,16.812373907195695
LP001334,Male,Yes,0,Not Graduate,No,4188,0.0,115000.0,180.0,1.0,Semiurban,4188.0,Y,27.45940783190067
LP001343,Male,Yes,0,Graduate,No,1759,3541.0,131000.0,360.0,1.0,Semiurban,5300.0,Y,24.71698113207547
LP001345,Male,Yes,2,Not Graduate,No,4288,3263.0,133000.0,180.0,1.0,Urban,7551.0,Y,17.61356111773275
LP001349,Male,No,0,Graduate,No,4843,3806.0,151000.0,360.0,1.0,Semiurban,8649.0,Y,17.458665741704245
LP001357,Male,Yes,0,Graduate,No,3816,754.0,160000.0,360.0,1.0,Urban,4570.0,Y,35.010940919037196
LP001367,Male,Yes,1,Graduate,No,3052,1030.0,100000.0,360.0,1.0,Urban,4082.0,Y,24.49779519843214
LP001369,Male,Yes,2,Graduate,No,11417,1126.0,225000.0,360.0,1.0,Urban,12543.0,Y,17.93829227457546
LP001370,Male,No,0,Not Graduate,No,7333,0.0,120000.0,360.0,1.0,Rural,7333.0,N,16.36438019909996
LP001379,Male,Yes,2,Graduate,No,3800,3600.0,216000.0,360.0,0.0,Urban,7400.0,N,29.18918918918919
LP001384,Male,Yes,3+,Not Graduate,No,2071,754.0,94000.0,480.0,1.0,Semiurban,2825.0,Y,33.27433628318584
LP001385,Male,No,0,Graduate,No,5316,0.0,136000.0,360.0,1.0,Urban,5316.0,Y,25.583145221971407
LP001387,Female,Yes,0,Graduate,No,2929,2333.0,139000.0,360.0,1.0,Semiurban,5262.0,Y,26.415811478525274
LP001391,Male,Yes,0,Not Graduate,No,3572,4114.0,152000.0,360.0,0.0,Rural,7686.0,N,19.776216497527972
LP001398,Male,No,0,Graduate,No,5050,0.0,118000.0,360.0,1.0,Semiurban,5050.0,Y,23.366336633663366
LP001401,Male,Yes,1,Graduate,No,14583,0.0,185000.0,180.0,1.0,Rural,14583.0,Y,12.686004251525748
LP001404,Female,Yes,0,Graduate,No,3167,2283.0,154000.0,360.0,1.0,Semiurban,5450.0,Y,28.256880733944953
LP001421,Male,Yes,0,Graduate,No,5568,2142.0,175000.0,360.0,1.0,Rural,7710.0,N,22.69779507133593
LP001422,Female,No,0,Graduate,No,10408,0.0,259000.0,360.0,1.0,Urban,10408.0,Y,24.884704073789393
LP001426,Male,Yes,0,Graduate,No,5667,2667.0,180000.0,360.0,1.0,Rural,8334.0,Y,21.598272138228943
LP001430,Female,No,0,Graduate,No,4166,0.0,44000.0,360.0,1.0,Semiurban,4166.0,Y,10.561689870379261
LP001431,Female,No,0,Graduate,No,2137,8980.0,137000.0,360.0,0.0,Semiurban,11117.0,Y,12.323468561662319
LP001432,Male,Yes,2,Graduate,No,2957,0.0,81000.0,360.0,1.0,Semiurban,2957.0,Y,27.392627663172135
LP001439,Male,Yes,0,Not Graduate,No,4300,2014.0,194000.0,360.0,1.0,Rural,6314.0,Y,30.725372188786825
LP001448,Male,Yes,3+,Graduate,No,23803,0.0,370000.0,360.0,1.0,Rural,23803.0,Y,15.544259127000798
LP001451,Male,Yes,1,Graduate,Yes,10513,3850.0,160000.0,180.0,0.0,Urban,14363.0,N,11.139734038849822
LP001473,Male,No,0,Graduate,No,2014,1929.0,74000.0,360.0,1.0,Urban,3943.0,Y,18.76743596246513
LP001478,Male,No,0,Graduate,No,2718,0.0,70000.0,360.0,1.0,Semiurban,2718.0,Y,25.754231052244297
LP001482,Male,Yes,0,Graduate,Yes,3459,0.0,25000.0,120.0,1.0,Semiurban,3459.0,Y,7.227522405319457
LP001487,Male,No,0,Graduate,No,4895,0.0,102000.0,360.0,1.0,Semiurban,4895.0,Y,20.83758937691522
LP001488,Male,Yes,3+,Graduate,No,4000,7750.0,290000.0,360.0,1.0,Semiurban,11750.0,N,24.680851063829788
LP001489,Female,Yes,0,Graduate,No,4583,0.0,84000.0,360.0,1.0,Rural,4583.0,N,18.328605716779403
LP001491,Male,Yes,2,Graduate,Yes,3316,3500.0,88000.0,360.0,1.0,Urban,6816.0,Y,12.910798122065728
LP001492,Male,No,0,Graduate,No,14999,0.0,242000.0,360.0,0.0,Semiurban,14999.0,N,16.134408960597373
LP001493,Male,Yes,2,Not Graduate,No,4200,1430.0,129000.0,360.0,1.0,Rural,5630.0,N,22.912966252220247
LP001497,Male,Yes,2,Graduate,No,5042,2083.0,185000.0,360.0,1.0,Rural,7125.0,N,25.964912280701753
LP001498,Male,No,0,Graduate,No,5417,0.0,168000.0,360.0,1.0,Urban,5417.0,Y,31.013476093778845
LP001504,Male,No,0,Graduate,Yes,6950,0.0,175000.0,180.0,1.0,Semiurban,6950.0,Y,25.179856115107913
LP001507,Male,Yes,0,Graduate,No,2698,2034.0,122000.0,360.0,1.0,Semiurban,4732.0,Y,25.78191039729501
LP001508,Male,Yes,2,Graduate,No,11757,0.0,187000.0,180.0,1.0,Urban,11757.0,Y,15.905418048821979
LP001514,Female,Yes,0,Graduate,No,2330,4486.0,100000.0,360.0,1.0,Semiurban,6816.0,Y,14.671361502347418
LP001516,Female,Yes,2,Graduate,No,14866,0.0,70000.0,360.0,1.0,Urban,14866.0,Y,4.708731333243644
LP001518,Male,Yes,1,Graduate,No,1538,1425.0,30000.0,360.0,1.0,Urban,2963.0,Y,10.12487343908201
LP001519,Female,No,0,Graduate,No,10000,1666.0,225000.0,360.0,1.0,Rural,11666.0,N,19.286816389507973
LP001520,Male,Yes,0,Graduate,No,4860,830.0,125000.0,360.0,1.0,Semiurban,5690.0,Y,21.968365553602812
LP001528,Male,No,0,Graduate,No,6277,0.0,118000.0,360.0,0.0,Rural,6277.0,N,18.798789230524136
LP001529,Male,Yes,0,Graduate,Yes,2577,3750.0,152000.0,360.0,1.0,Rural,6327.0,Y,24.024024024024023
LP001531,Male,No,0,Graduate,No,9166,0.0,244000.0,360.0,1.0,Urban,9166.0,N,26.620117826751038
LP001532,Male,Yes,2,Not Graduate,No,2281,0.0,113000.0,360.0,1.0,Rural,2281.0,N,49.53967558088558
LP001535,Male,No,0,Graduate,No,3254,0.0,50000.0,360.0,1.0,Urban,3254.0,Y,15.365703749231715
LP001536,Male,Yes,3+,Graduate,No,39999,0.0,600000.0,180.0,0.0,Semiurban,39999.0,Y,15.000375009375235
LP001543,Male,Yes,1,Graduate,No,9538,0.0,187000.0,360.0,1.0,Urban,9538.0,Y,19.605787376808554
LP001546,Male,No,0,Graduate,No,2980,2083.0,120000.0,360.0,1.0,Rural,5063.0,Y,23.70136282836263
LP001552,Male,Yes,0,Graduate,No,4583,5625.0,255000.0,360.0,1.0,Semiurban,10208.0,Y,24.980407523510973
LP001560,Male,Yes,0,Not Graduate,No,1863,1041.0,98000.0,360.0,1.0,Semiurban,2904.0,Y,33.7465564738292
LP001562,Male,Yes,0,Graduate,No,7933,0.0,275000.0,360.0,1.0,Urban,7933.0,N,34.665322072355984
LP001565,Male,Yes,1,Graduate,No,3089,1280.0,121000.0,360.0,0.0,Semiurban,4369.0,N,27.695124742504007
LP001570,Male,Yes,2,Graduate,No,4167,1447.0,158000.0,360.0,1.0,Rural,5614.0,Y,28.14392589953687
LP001572,Male,Yes,0,Graduate,No,9323,0.0,75000.0,180.0,1.0,Urban,9323.0,Y,8.04462083020487
LP001574,Male,Yes,0,Graduate,No,3707,3166.0,182000.0,360.0,1.0,Rural,6873.0,Y,26.480430670740578
LP001577,Female,Yes,0,Graduate,No,4583,0.0,112000.0,360.0,1.0,Rural,4583.0,N,24.43814095570587
LP001578,Male,Yes,0,Graduate,No,2439,3333.0,129000.0,360.0,1.0,Rural,5772.0,Y,22.34927234927235
LP001579,Male,No,0,Graduate,No,2237,0.0,63000.0,480.0,0.0,Semiurban,2237.0,N,28.162717925793473
LP001580,Male,Yes,2,Graduate,No,8000,0.0,200000.0,360.0,1.0,Semiurban,8000.0,Y,25.0
LP001581,Male,Yes,0,Not Graduate,No,1820,1769.0,95000.0,360.0,1.0,Rural,3589.0,Y,26.469768737809975
LP001585,Male,Yes,3+,Graduate,No,51763,0.0,700000.0,300.0,1.0,Urban,51763.0,Y,13.523172922744045
LP001586,Male,Yes,3+,Not Graduate,No,3522,0.0,81000.0,180.0,1.0,Rural,3522.0,N,22.998296422487222
LP001594,Male,Yes,0,Graduate,No,5708,5625.0,187000.0,360.0,1.0,Semiurban,11333.0,Y,16.500485308391422
LP001603,Male,Yes,0,Not Graduate,Yes,4344,736.0,87000.0,360.0,1.0,Semiurban,5080.0,N,17.125984251968504
LP001606,Male,Yes,0,Graduate,No,3497,1964.0,116000.0,360.0,1.0,Rural,5461.0,Y,21.241530855154732
LP001608,Male,Yes,2,Graduate,No,2045,1619.0,101000.0,360.0,1.0,Rural,3664.0,Y,27.565502183406114
LP001610,Male,Yes,3+,Graduate,No,5516,11300.0,495000.0,360.0,0.0,Semiurban,16816.0,N,29.436251189343484
LP001616,Male,Yes,1,Graduate,No,3750,0.0,116000.0,360.0,1.0,Semiurban,3750.0,Y,30.933333333333334
LP001630,Male,No,0,Not Graduate,No,2333,1451.0,102000.0,480.0,0.0,Urban,3784.0,N,26.955602536997887
LP001633,Male,Yes,1,Graduate,No,6400,7250.0,180000.0,360.0,0.0,Urban,13650.0,N,13.186813186813186
LP001636,Male,Yes,0,Graduate,No,4600,0.0,73000.0,180.0,1.0,Semiurban,4600.0,Y,15.869565217391305
LP001637,Male,Yes,1,Graduate,No,33846,0.0,260000.0,360.0,1.0,Semiurban,33846.0,N,7.68185309933227
LP001639,Female,Yes,0,Graduate,No,3625,0.0,108000.0,360.0,1.0,Semiurban,3625.0,Y,29.79310344827586
LP001640,Male,Yes,0,Graduate,Yes,39147,4750.0,120000.0,360.0,1.0,Semiurban,43897.0,Y,2.7336720049206096
LP001641,Male,Yes,1,Graduate,Yes,2178,0.0,66000.0,300.0,0.0,Rural,2178.0,N,30.303030303030305
LP001644,Male,Yes,0,Graduate,Yes,674,5296.0,168000.0,360.0,1.0,Rural,5970.0,Y,28.14070351758794
LP001647,Male,Yes,0,Graduate,No,9328,0.0,188000.0,180.0,1.0,Rural,9328.0,Y,20.154373927958833
LP001653,Male,No,0,Not Graduate,No,4885,0.0,48000.0,360.0,1.0,Rural,4885.0,Y,9.825997952917094
LP001656,Male,No,0,Graduate,No,12000,0.0,164000.0,360.0,1.0,Semiurban,12000.0,N,13.666666666666666
LP001657,Male,Yes,0,Not Graduate,No,6033,0.0,160000.0,360.0,1.0,Urban,6033.0,N,26.52080225426819
LP001658,Male,No,0,Graduate,No,3858,0.0,76000.0,360.0,1.0,Semiurban,3858.0,Y,19.699326075686884
LP001664,Male,No,0,Graduate,No,4191,0.0,120000.0,360.0,1.0,Rural,4191.0,Y,28.63278453829635
LP001665,Male,Yes,1,Graduate,No,3125,2583.0,170000.0,360.0,1.0,Semiurban,5708.0,N,29.782761037140855
LP001666,Male,No,0,Graduate,No,8333,3750.0,187000.0,360.0,1.0,Rural,12083.0,Y,15.476289001075891
LP001669,Female,No,0,Not Graduate,No,1907,2365.0,120000.0,360.0,1.0,Urban,4272.0,Y,28.089887640449437
LP001673,Male,No,0,Graduate,Yes,11000,0.0,83000.0,360.0,1.0,Urban,11000.0,N,7.545454545454546
LP001674,Male,Yes,1,Not Graduate,No,2600,2500.0,90000.0,360.0,1.0,Semiurban,5100.0,Y,17.647058823529413
LP001677,Male,No,2,Graduate,No,4923,0.0,166000.0,360.0,0.0,Semiurban,4923.0,Y,33.719276863701
LP001688,Male,Yes,1,Not Graduate,No,3500,1083.0,135000.0,360.0,1.0,Urban,4583.0,Y,29.456687759109755
LP001691,Male,Yes,2,Not Graduate,No,3917,0.0,124000.0,360.0,1.0,Semiurban,3917.0,Y,31.65688026550932
LP001692,Female,No,0,Not Graduate,No,4408,0.0,120000.0,360.0,1.0,Semiurban,4408.0,Y,27.22323049001815
LP001693,Female,No,0,Graduate,No,3244,0.0,80000.0,360.0,1.0,Urban,3244.0,Y,24.66091245376079
LP001698,Male,No,0,Not Graduate,No,3975,2531.0,55000.0,360.0,1.0,Rural,6506.0,Y,8.453735013833384
LP001699,Male,No,0,Graduate,No,2479,0.0,59000.0,360.0,1.0,Urban,2479.0,Y,23.79991932230738
LP001702,Male,No,0,Graduate,No,3418,0.0,127000.0,360.0,1.0,Semiurban,3418.0,N,37.15623171445289
LP001708,Female,No,0,Graduate,No,10000,0.0,214000.0,360.0,1.0,Semiurban,10000.0,N,21.4
LP001711,Male,Yes,3+,Graduate,No,3430,1250.0,128000.0,360.0,0.0,Semiurban,4680.0,N,27.35042735042735
LP001713,Male,Yes,1,Graduate,Yes,7787,0.0,240000.0,360.0,1.0,Urban,7787.0,Y,30.820598433286246
LP001715,Male,Yes,3+,Not Graduate,Yes,5703,0.0,130000.0,360.0,1.0,Rural,5703.0,Y,22.79502016482553
LP001716,Male,Yes,0,Graduate,No,3173,3021.0,137000.0,360.0,1.0,Urban,6194.0,Y,22.118178882789795
LP001720,Male,Yes,3+,Not Graduate,No,3850,983.0,100000.0,360.0,1.0,Semiurban,4833.0,Y,20.69108214359611
LP001722,Male,Yes,0,Graduate,No,150,1800.0,135000.0,360.0,1.0,Rural,1950.0,N,69.23076923076923
LP001726,Male,Yes,0,Graduate,No,3727,1775.0,131000.0,360.0,1.0,Semiurban,5502.0,Y,23.80952380952381
LP001732,Male,Yes,2,Graduate,No,5000,0.0,72000.0,360.0,0.0,Semiurban,5000.0,N,14.4
LP001736,Male,Yes,0,Graduate,No,2221,0.0,60000.0,360.0,0.0,Urban,2221.0,N,27.014858171994597
LP001743,Male,Yes,2,Graduate,No,4009,1717.0,116000.0,360.0,1.0,Semiurban,5726.0,Y,20.258470136220748
LP001744,Male,No,0,Graduate,No,2971,2791.0,144000.0,360.0,1.0,Semiurban,5762.0,Y,24.99132245748004
LP001749,Male,Yes,0,Graduate,No,7578,1010.0,175000.0,360.0,1.0,Semiurban,8588.0,Y,20.3772706101537
LP001750,Male,Yes,0,Graduate,No,6250,0.0,128000.0,360.0,1.0,Semiurban,6250.0,Y,20.48
LP001751,Male,Yes,0,Graduate,No,3250,0.0,170000.0,360.0,1.0,Rural,3250.0,N,52.30769230769231
LP001754,Male,Yes,0,Not Graduate,Yes,4735,0.0,138000.0,360.0,1.0,Urban,4735.0,N,29.14466737064414
LP001758,Male,Yes,2,Graduate,No,6250,1695.0,210000.0,360.0,1.0,Semiurban,7945.0,Y,26.431718061674008
LP001760,Male,Yes,0,Graduate,No,4758,0.0,158000.0,480.0,1.0,Semiurban,4758.0,Y,33.2072299285414
LP001761,Male,No,0,Graduate,Yes,6400,0.0,200000.0,360.0,1.0,Rural,6400.0,Y,31.25
LP001765,Male,Yes,1,Graduate,No,2491,2054.0,104000.0,360.0,1.0,Semiurban,4545.0,Y,22.882288228822883
LP001768,Male,Yes,0,Graduate,No,3716,0.0,42000.0,180.0,1.0,Rural,3716.0,Y,11.302475780409042
LP001770,Male,No,0,Not Graduate,No,3189,2598.0,120000.0,360.0,1.0,Rural,5787.0,Y,20.73613271124935
LP001776,Female,No,0,Graduate,No,8333,0.0,280000.0,360.0,1.0,Semiurban,8333.0,Y,33.60134405376215
LP001778,Male,Yes,1,Graduate,No,3155,1779.0,140000.0,360.0,1.0,Semiurban,4934.0,Y,28.37454398054317
LP001784,Male,Yes,1,Graduate,No,5500,1260.0,170000.0,360.0,1.0,Rural,6760.0,Y,25.14792899408284
LP001790,Female,No,1,Graduate,No,3812,0.0,112000.0,360.0,1.0,Rural,3812.0,Y,29.38090241343127
LP001792,Male,Yes,1,Graduate,No,3315,0.0,96000.0,360.0,1.0,Semiurban,3315.0,Y,28.959276018099548
LP001798,Male,Yes,2,Graduate,No,5819,5000.0,120000.0,360.0,1.0,Rural,10819.0,Y,11.09159811442832
LP001800,Male,Yes,1,Not Graduate,No,2510,1983.0,140000.0,180.0,1.0,Urban,4493.0,N,31.159581571333185
LP001806,Male,No,0,Graduate,No,2965,5701.0,155000.0,60.0,1.0,Urban,8666.0,Y,17.88599123009462
LP001807,Male,Yes,2,Graduate,Yes,6250,1300.0,108000.0,360.0,1.0,Rural,7550.0,Y,14.304635761589404
LP001811,Male,Yes,0,Not Graduate,No,3406,4417.0,123000.0,360.0,1.0,Semiurban,7823.0,Y,15.722868464783332
LP001813,Male,No,0,Graduate,Yes,6050,4333.0,120000.0,180.0,1.0,Urban,10383.0,N,11.557353366079168
LP001814,Male,Yes,2,Graduate,No,9703,0.0,112000.0,360.0,1.0,Urban,9703.0,Y,11.542821807688345
LP001819,Male,Yes,1,Not Graduate,No,6608,0.0,137000.0,180.0,1.0,Urban,6608.0,Y,20.732445520581113
LP001824,Male,Yes,1,Graduate,No,2882,1843.0,123000.0,480.0,1.0,Semiurban,4725.0,Y,26.03174603174603
LP001825,Male,Yes,0,Graduate,No,1809,1868.0,90000.0,360.0,1.0,Urban,3677.0,Y,24.476475387544195
LP001835,Male,Yes,0,Not Graduate,No,1668,3890.0,201000.0,360.0,0.0,Semiurban,5558.0,N,36.1640878013674
LP001836,Female,No,2,Graduate,No,3427,0.0,138000.0,360.0,1.0,Urban,3427.0,N,40.26845637583892
LP001841,Male,No,0,Not Graduate,Yes,2583,2167.0,104000.0,360.0,1.0,Rural,4750.0,Y,21.894736842105264
LP001843,Male,Yes,1,Not Graduate,No,2661,7101.0,279000.0,180.0,1.0,Semiurban,9762.0,Y,28.58020897357099
LP001844,Male,No,0,Graduate,Yes,16250,0.0,192000.0,360.0,0.0,Urban,16250.0,N,11.815384615384616
LP001846,Female,No,3+,Graduate,No,3083,0.0,255000.0,360.0,1.0,Rural,3083.0,Y,82.71164450210834
LP001849,Male,No,0,Not Graduate,No,6045,0.0,115000.0,360.0,0.0,Rural,6045.0,N,19.02398676592225
LP001854,Male,Yes,3+,Graduate,No,5250,0.0,94000.0,360.0,1.0,Urban,5250.0,N,17.904761904761905
LP001859,Male,Yes,0,Graduate,No,14683,2100.0,304000.0,360.0,1.0,Rural,16783.0,N,18.113567300244295
LP001868,Male,No,0,Graduate,No,2060,2209.0,134000.0,360.0,1.0,Semiurban,4269.0,Y,31.389084094635745
LP001870,Female,No,1,Graduate,No,3481,0.0,155000.0,36.0,1.0,Semiurban,3481.0,N,44.52743464521689
LP001871,Female,No,0,Graduate,No,7200,0.0,120000.0,360.0,1.0,Rural,7200.0,Y,16.666666666666668
LP001872,Male,No,0,Graduate,Yes,5166,0.0,128000.0,360.0,1.0,Semiurban,5166.0,Y,24.77739063104917
LP001875,Male,No,0,Graduate,No,4095,3447.0,151000.0,360.0,1.0,Rural,7542.0,Y,20.02121453195439
LP001877,Male,Yes,2,Graduate,No,4708,1387.0,150000.0,360.0,1.0,Semiurban,6095.0,Y,24.61033634126333
LP001882,Male,Yes,3+,Graduate,No,4333,1811.0,160000.0,360.0,0.0,Urban,6144.0,Y,26.041666666666668
LP001883,Female,No,0,Graduate,No,3418,0.0,135000.0,360.0,1.0,Rural,3418.0,N,39.496781743709775
LP001884,Female,No,1,Graduate,No,2876,1560.0,90000.0,360.0,1.0,Urban,4436.0,Y,20.288548241659154
LP001888,Female,No,0,Graduate,No,3237,0.0,30000.0,360.0,1.0,Urban,3237.0,Y,9.267840593141798
LP001891,Male,Yes,0,Graduate,No,11146,0.0,136000.0,360.0,1.0,Urban,11146.0,Y,12.201686703750225
LP001892,Male,No,0,Graduate,No,2833,1857.0,126000.0,360.0,1.0,Rural,4690.0,Y,26.865671641791046
LP001894,Male,Yes,0,Graduate,No,2620,2223.0,150000.0,360.0,1.0,Semiurban,4843.0,Y,30.97253768325418
LP001896,Male,Yes,2,Graduate,No,3900,0.0,90000.0,360.0,1.0,Semiurban,3900.0,Y,23.076923076923077
LP001900,Male,Yes,1,Graduate,No,2750,1842.0,115000.0,360.0,1.0,Semiurban,4592.0,Y,25.04355400696864
LP001903,Male,Yes,0,Graduate,No,3993,3274.0,207000.0,360.0,1.0,Semiurban,7267.0,Y,28.48493188385854
LP001904,Male,Yes,0,Graduate,No,3103,1300.0,80000.0,360.0,1.0,Urban,4403.0,Y,18.169429934135817
LP001907,Male,Yes,0,Graduate,No,14583,0.0,436000.0,360.0,1.0,Semiurban,14583.0,Y,29.89782623602825
LP001910,Male,No,1,Not Graduate,Yes,4053,2426.0,158000.0,360.0,0.0,Urban,6479.0,N,24.386479394968358
LP001914,Male,Yes,0,Graduate,No,3927,800.0,112000.0,360.0,1.0,Semiurban,4727.0,Y,23.6936746350751
LP001915,Male,Yes,2,Graduate,No,2301,985.7999877999998,78000.0,180.0,1.0,Urban,3286.7999878,Y,23.731288879615956
LP001917,Female,No,0,Graduate,No,1811,1666.0,54000.0,360.0,1.0,Urban,3477.0,Y,15.530629853321829
LP001924,Male,No,0,Graduate,No,3158,3053.0,89000.0,360.0,1.0,Rural,6211.0,Y,14.329415553051039
LP001925,Female,No,0,Graduate,Yes,2600,1717.0,99000.0,300.0,1.0,Semiurban,4317.0,N,22.932592077831828
LP001926,Male,Yes,0,Graduate,No,3704,2000.0,120000.0,360.0,1.0,Rural,5704.0,Y,21.037868162692845
LP001931,Female,No,0,Graduate,No,4124,0.0,115000.0,360.0,1.0,Semiurban,4124.0,Y,27.885548011639184
LP001935,Male,No,0,Graduate,No,9508,0.0,187000.0,360.0,1.0,Rural,9508.0,Y,19.667648296171645
LP001936,Male,Yes,0,Graduate,No,3075,2416.0,139000.0,360.0,1.0,Rural,5491.0,Y,25.314150427973047
LP001938,Male,Yes,2,Graduate,No,4400,0.0,127000.0,360.0,0.0,Semiurban,4400.0,N,28.863636363636363
LP001940,Male,Yes,2,Graduate,No,3153,1560.0,134000.0,360.0,1.0,Urban,4713.0,Y,28.431996605134735
LP001945,Female,No,0,Graduate,No,5417,0.0,143000.0,480.0,0.0,Urban,5417.0,N,26.398375484585564
LP001947,Male,Yes,0,Graduate,No,2383,3334.0,172000.0,360.0,1.0,Semiurban,5717.0,Y,30.085709288088157
LP001949,Male,Yes,3+,Graduate,No,4416,1250.0,110000.0,360.0,1.0,Urban,5666.0,Y,19.41404871161313
LP001953,Male,Yes,1,Graduate,No,6875,0.0,200000.0,360.0,1.0,Semiurban,6875.0,Y,29.09090909090909
LP001954,Female,Yes,1,Graduate,No,4666,0.0,135000.0,360.0,1.0,Urban,4666.0,Y,28.932704672096015
LP001955,Female,No,0,Graduate,No,5000,2541.0,151000.0,480.0,1.0,Rural,7541.0,N,20.023869513327146
LP001963,Male,Yes,1,Graduate,No,2014,2925.0,113000.0,360.0,1.0,Urban,4939.0,N,22.87912532901397
LP001964,Male,Yes,0,Not Graduate,No,1800,2934.0,93000.0,360.0,0.0,Urban,4734.0,N,19.64512040557668
LP001972,Male,Yes,0,Not Graduate,No,2875,1750.0,105000.0,360.0,1.0,Semiurban,4625.0,Y,22.7027027027027
LP001974,Female,No,0,Graduate,No,5000,0.0,132000.0,360.0,1.0,Rural,5000.0,Y,26.4
LP001977,Male,Yes,1,Graduate,No,1625,1803.0,96000.0,360.0,1.0,Urban,3428.0,Y,28.004667444574096
LP001978,Male,No,0,Graduate,No,4000,2500.0,140000.0,360.0,1.0,Rural,6500.0,Y,21.53846153846154
LP001993,Female,No,0,Graduate,No,3762,1666.0,135000.0,360.0,1.0,Rural,5428.0,Y,24.871039056742816
LP001994,Female,No,0,Graduate,No,2400,1863.0,104000.0,360.0,0.0,Urban,4263.0,N,24.39596528266479
LP001996,Male,No,0,Graduate,No,20233,0.0,480000.0,360.0,1.0,Rural,20233.0,N,23.72361982899224
LP002002,Female,No,0,Graduate,No,2917,0.0,84000.0,360.0,1.0,Semiurban,2917.0,Y,28.79670894754885
LP002004,Male,No,0,Not Graduate,No,2927,2405.0,111000.0,360.0,1.0,Semiurban,5332.0,Y,20.817704426106527
LP002006,Female,No,0,Graduate,No,2507,0.0,56000.0,360.0,1.0,Rural,2507.0,Y,22.337455125648184
LP002024,Male,Yes,0,Graduate,No,2473,1843.0,159000.0,360.0,1.0,Rural,4316.0,N,36.83966635773864
LP002031,Male,Yes,1,Not Graduate,No,3399,1640.0,111000.0,180.0,1.0,Urban,5039.0,Y,22.02818019448303
LP002035,Male,Yes,2,Graduate,No,3717,0.0,120000.0,360.0,1.0,Semiurban,3717.0,Y,32.28410008071025
LP002050,Male,Yes,1,Graduate,Yes,10000,0.0,155000.0,360.0,1.0,Rural,10000.0,N,15.5
LP002051,Male,Yes,0,Graduate,No,2400,2167.0,115000.0,360.0,1.0,Semiurban,4567.0,Y,25.180643748631486
LP002053,Male,Yes,3+,Graduate,No,4342,189.0,124000.0,360.0,1.0,Semiurban,4531.0,Y,27.367027146325313
LP002065,Male,Yes,3+,Graduate,No,15000,0.0,300000.0,360.0,1.0,Rural,15000.0,Y,20.0
LP002067,Male,Yes,1,Graduate,Yes,8666,4983.0,376000.0,360.0,0.0,Rural,13649.0,N,27.547805700051285
LP002068,Male,No,0,Graduate,No,4917,0.0,130000.0,360.0,0.0,Rural,4917.0,Y,26.438885499288183
LP002082,Male,Yes,0,Graduate,Yes,5818,2160.0,184000.0,360.0,1.0,Semiurban,7978.0,Y,23.063424417147154
LP002086,Female,Yes,0,Graduate,No,4333,2451.0,110000.0,360.0,1.0,Urban,6784.0,N,16.214622641509433
LP002087,Female,No,0,Graduate,No,2500,0.0,67000.0,360.0,1.0,Urban,2500.0,Y,26.8
LP002097,Male,No,1,Graduate,No,4384,1793.0,117000.0,360.0,1.0,Urban,6177.0,Y,18.94123360854784
LP002098,Male,No,0,Graduate,No,2935,0.0,98000.0,360.0,1.0,Semiurban,2935.0,Y,33.3901192504259
LP002100,Male,No,0,Graduate,No,2833,0.0,71000.0,360.0,1.0,Urban,2833.0,Y,25.061771973173315
LP002101,Male,Yes,0,Graduate,No,63337,0.0,490000.0,180.0,1.0,Urban,63337.0,Y,7.7363942087563355
LP002103,Male,Yes,1,Graduate,Yes,9833,1833.0,182000.0,180.0,1.0,Urban,11666.0,Y,15.600891479513114
LP002106,Male,Yes,0,Graduate,Yes,5503,4490.0,70000.0,360.0,1.0,Semiurban,9993.0,Y,7.004903432402682
LP002110,Male,Yes,1,Graduate,No,5250,688.0,160000.0,360.0,1.0,Rural,5938.0,Y,26.94509936005389
LP002112,Male,Yes,2,Graduate,Yes,2500,4600.0,176000.0,360.0,1.0,Rural,7100.0,Y,24.788732394366196
LP002114,Female,No,0,Graduate,No,4160,0.0,71000.0,360.0,1.0,Semiurban,4160.0,Y,17.067307692307693
LP002115,Male,Yes,3+,Not Graduate,No,2647,1587.0,173000.0,360.0,1.0,Rural,4234.0,N,40.859707132735004
LP002116,Female,No,0,Graduate,No,2378,0.0,46000.0,360.0,1.0,Rural,2378.0,N,19.343986543313708
LP002119,Male,Yes,1,Not Graduate,No,4554,1229.0,158000.0,360.0,1.0,Urban,5783.0,Y,27.3214594501124
LP002126,Male,Yes,3+,Not Graduate,No,3173,0.0,74000.0,360.0,1.0,Semiurban,3173.0,Y,23.321777497636305
LP002128,Male,Yes,2,Graduate,No,2583,2330.0,125000.0,360.0,1.0,Rural,4913.0,Y,25.4427030327702
LP002129,Male,Yes,0,Graduate,No,2499,2458.0,160000.0,360.0,1.0,Semiurban,4957.0,Y,32.27758725035304
LP002130,Male,Yes,0,Not Graduate,No,3523,3230.0,152000.0,360.0,0.0,Rural,6753.0,N,22.50851473419221
LP002131,Male,Yes,2,Not Graduate,No,3083,2168.0,126000.0,360.0,1.0,Urban,5251.0,Y,23.995429442011044
LP002138,Male,Yes,0,Graduate,No,2625,6250.0,187000.0,360.0,1.0,Rural,8875.0,Y,21.070422535211268
LP002139,Male,Yes,0,Graduate,No,9083,0.0,228000.0,360.0,1.0,Semiurban,9083.0,Y,25.101838599581637
LP002140,Male,No,0,Graduate,No,8750,4167.0,308000.0,360.0,1.0,Rural,12917.0,N,23.84454594720136
LP002141,Male,Yes,3+,Graduate,No,2666,2083.0,95000.0,360.0,1.0,Rural,4749.0,Y,20.00421141292904
LP002142,Female,Yes,0,Graduate,Yes,5500,0.0,105000.0,360.0,0.0,Rural,5500.0,N,19.09090909090909
LP002143,Female,Yes,0,Graduate,No,2423,505.0,130000.0,360.0,1.0,Semiurban,2928.0,Y,44.39890710382514
LP002144,Female,No,0,Graduate,No,3813,0.0,116000.0,180.0,1.0,Urban,3813.0,Y,30.42223970626803
LP002149,Male,Yes,2,Graduate,No,8333,3167.0,165000.0,360.0,1.0,Rural,11500.0,Y,14.347826086956522
LP002151,Male,Yes,1,Graduate,No,3875,0.0,67000.0,360.0,1.0,Urban,3875.0,N,17.29032258064516
LP002158,Male,Yes,0,Not Graduate,No,3000,1666.0,100000.0,480.0,0.0,Urban,4666.0,N,21.43163309044149
LP002160,Male,Yes,3+,Graduate,No,5167,3167.0,200000.0,360.0,1.0,Semiurban,8334.0,Y,23.99808015358771
LP002161,Female,No,1,Graduate,No,4723,0.0,81000.0,360.0,1.0,Semiurban,4723.0,N,17.150116451408003
LP002170,Male,Yes,2,Graduate,No,5000,3667.0,236000.0,360.0,1.0,Semiurban,8667.0,Y,27.229721933771778
LP002175,Male,Yes,0,Graduate,No,4750,2333.0,130000.0,360.0,1.0,Urban,7083.0,Y,18.353804884935762
LP002180,Male,No,0,Graduate,Yes,6822,0.0,141000.0,360.0,1.0,Rural,6822.0,Y,20.668425681618295
LP002181,Male,No,0,Not Graduate,No,6216,0.0,133000.0,360.0,1.0,Rural,6216.0,N,21.396396396396398
LP002187,Male,No,0,Graduate,No,2500,0.0,96000.0,480.0,1.0,Semiurban,2500.0,N,38.4
LP002188,Male,No,0,Graduate,No,5124,0.0,124000.0,360.0,0.0,Rural,5124.0,N,24.19984387197502
LP002190,Male,Yes,1,Graduate,No,6325,0.0,175000.0,360.0,1.0,Semiurban,6325.0,Y,27.66798418972332
LP002191,Male,Yes,0,Graduate,No,19730,5266.0,570000.0,360.0,1.0,Rural,24996.0,N,22.803648583773402
LP002194,Female,No,0,Graduate,Yes,15759,0.0,55000.0,360.0,1.0,Semiurban,15759.0,Y,3.490069166825306
LP002197,Male,Yes,2,Graduate,No,5185,0.0,155000.0,360.0,1.0,Semiurban,5185.0,Y,29.893924783027966
LP002201,Male,Yes,2,Graduate,Yes,9323,7873.0,380000.0,300.0,1.0,Rural,17196.0,Y,22.09816236334031
LP002205,Male,No,1,Graduate,No,3062,1987.0,111000.0,180.0,0.0,Urban,5049.0,N,21.984551396316103
LP002209,Female,No,0,Graduate,No,2764,1459.0,110000.0,360.0,1.0,Urban,4223.0,Y,26.04783329386692
LP002211,Male,Yes,0,Graduate,No,4817,923.0,120000.0,180.0,1.0,Urban,5740.0,Y,20.905923344947734
LP002219,Male,Yes,3+,Graduate,No,8750,4996.0,130000.0,360.0,1.0,Rural,13746.0,Y,9.457296668121636
LP002224,Male,No,0,Graduate,No,3069,0.0,71000.0,480.0,1.0,Urban,3069.0,N,23.134571521668295
LP002225,Male,Yes,2,Graduate,No,5391,0.0,130000.0,360.0,1.0,Urban,5391.0,Y,24.114264514932295
LP002226,Male,Yes,0,Graduate,No,3333,2500.0,128000.0,360.0,1.0,Semiurban,5833.0,Y,21.944111092062403
LP002229,Male,No,0,Graduate,No,5941,4232.0,296000.0,360.0,1.0,Semiurban,10173.0,Y,29.096628329892855
LP002231,Female,No,0,Graduate,No,6000,0.0,156000.0,360.0,1.0,Urban,6000.0,Y,26.0
LP002234,Male,No,0,Graduate,Yes,7167,0.0,128000.0,360.0,1.0,Urban,7167.0,Y,17.859634435607646
LP002236,Male,Yes,2,Graduate,No,4566,0.0,100000.0,360.0,1.0,Urban,4566.0,N,21.901007446342533
LP002237,Male,No,1,Graduate,No,3667,0.0,113000.0,180.0,1.0,Urban,3667.0,Y,30.815380419961823
LP002239,Male,No,0,Not Graduate,No,2346,1600.0,132000.0,360.0,1.0,Semiurban,3946.0,Y,33.45159655347187
LP002244,Male,Yes,0,Graduate,No,2333,2417.0,136000.0,360.0,1.0,Urban,4750.0,Y,28.63157894736842
LP002250,Male,Yes,0,Graduate,No,5488,0.0,125000.0,360.0,1.0,Rural,5488.0,Y,22.776967930029155
LP002255,Male,No,3+,Graduate,No,9167,0.0,185000.0,360.0,1.0,Rural,9167.0,Y,20.18108432420639
LP002262,Male,Yes,3+,Graduate,No,9504,0.0,275000.0,360.0,1.0,Rural,9504.0,Y,28.935185185185187
LP002265,Male,Yes,2,Not Graduate,No,1993,1625.0,113000.0,180.0,1.0,Semiurban,3618.0,Y,31.232725262576007
LP002266,Male,Yes,2,Graduate,No,3100,1400.0,113000.0,360.0,1.0,Urban,4500.0,Y,25.11111111111111
LP002277,Female,No,0,Graduate,No,3180,0.0,71000.0,360.0,0.0,Urban,3180.0,N,22.32704402515723
LP002281,Male,Yes,0,Graduate,No,3033,1459.0,95000.0,360.0,1.0,Urban,4492.0,Y,21.148708815672308
LP002284,Male,No,0,Not Graduate,No,3902,1666.0,109000.0,360.0,1.0,Rural,5568.0,Y,19.576149425287355
LP002287,Female,No,0,Graduate,No,1500,1800.0,103000.0,360.0,0.0,Semiurban,3300.0,N,31.21212121212121
LP002288,Male,Yes,2,Not Graduate,No,2889,0.0,45000.0,180.0,0.0,Urban,2889.0,N,15.576323987538942
LP002296,Male,No,0,Not Graduate,No,2755,0.0,65000.0,300.0,1.0,Rural,2755.0,N,23.593466424682397
LP002297,Male,No,0,Graduate,No,2500,20000.0,103000.0,360.0,1.0,Semiurban,22500.0,Y,4.5777777777777775
LP002300,Female,No,0,Not Graduate,No,1963,0.0,53000.0,360.0,1.0,Semiurban,1963.0,Y,26.999490575649517
LP002301,Female,No,0,Graduate,Yes,7441,0.0,194000.0,360.0,1.0,Rural,7441.0,N,26.071764547775835
LP002305,Female,No,0,Graduate,No,4547,0.0,115000.0,360.0,1.0,Semiurban,4547.0,Y,25.29140092368595
LP002308,Male,Yes,0,Not Graduate,No,2167,2400.0,115000.0,360.0,1.0,Urban,4567.0,Y,25.180643748631486
LP002314,Female,No,0,Not Graduate,No,2213,0.0,66000.0,360.0,1.0,Rural,2213.0,Y,29.8237686398554
LP002315,Male,Yes,1,Graduate,No,8300,0.0,152000.0,300.0,0.0,Semiurban,8300.0,N,18.313253012048193
LP002317,Male,Yes,3+,Graduate,No,81000,0.0,360000.0,360.0,0.0,Rural,81000.0,N,4.444444444444445
LP002318,Female,No,1,Not Graduate,Yes,3867,0.0,62000.0,360.0,1.0,Semiurban,3867.0,N,16.03310059477631
LP002328,Male,Yes,0,Not Graduate,No,6096,0.0,218000.0,360.0,0.0,Rural,6096.0,N,35.76115485564304
LP002332,Male,Yes,0,Not Graduate,No,2253,2033.0,110000.0,360.0,1.0,Rural,4286.0,Y,25.664955669622024
LP002335,Female,Yes,0,Not Graduate,No,2149,3237.0,178000.0,360.0,0.0,Semiurban,5386.0,N,33.04864463423691
LP002337,Female,No,0,Graduate,No,2995,0.0,60000.0,360.0,1.0,Urban,2995.0,Y,20.03338898163606
LP002341,Female,No,1,Graduate,No,2600,0.0,160000.0,360.0,1.0,Urban,2600.0,N,61.53846153846154
LP002342,Male,Yes,2,Graduate,Yes,1600,20000.0,239000.0,360.0,1.0,Urban,21600.0,N,11.064814814814815
LP002345,Male,Yes,0,Graduate,No,1025,2773.0,112000.0,360.0,1.0,Rural,3798.0,Y,29.48920484465508
LP002347,Male,Yes,0,Graduate,No,3246,1417.0,138000.0,360.0,1.0,Semiurban,4663.0,Y,29.59468153549217
LP002348,Male,Yes,0,Graduate,No,5829,0.0,138000.0,360.0,1.0,Rural,5829.0,Y,23.674729799279465
LP002357,Female,No,0,Not Graduate,No,2720,0.0,80000.0,360.0,0.0,Urban,2720.0,N,29.41176470588235
LP002361,Male,Yes,0,Graduate,No,1820,1719.0,100000.0,360.0,1.0,Urban,3539.0,Y,28.256569652444192
LP002362,Male,Yes,1,Graduate,No,7250,1667.0,110000.0,360.0,0.0,Urban,8917.0,N,12.33598743972188
LP002364,Male,Yes,0,Graduate,No,14880,0.0,96000.0,360.0,1.0,Semiurban,14880.0,Y,6.451612903225806
LP002366,Male,Yes,0,Graduate,No,2666,4300.0,121000.0,360.0,1.0,Rural,6966.0,Y,17.37008326155613
LP002367,Female,No,1,Not Graduate,No,4606,0.0,81000.0,360.0,1.0,Rural,4606.0,N,17.585757707338253
LP002368,Male,Yes,2,Graduate,No,5935,0.0,133000.0,360.0,1.0,Semiurban,5935.0,Y,22.40943555181129
LP002369,Male,Yes,0,Graduate,No,2920,16.12000084,87000.0,360.0,1.0,Rural,2936.12000084,Y,29.630941506174818
LP002370,Male,No,0,Not Graduate,No,2717,0.0,60000.0,180.0,1.0,Urban,2717.0,Y,22.08317997791682
LP002377,Female,No,1,Graduate,Yes,8624,0.0,150000.0,360.0,1.0,Semiurban,8624.0,Y,17.393320964749535
LP002379,Male,No,0,Graduate,No,6500,0.0,105000.0,360.0,0.0,Rural,6500.0,N,16.153846153846153
LP002386,Male,No,0,Graduate,No,12876,0.0,405000.0,360.0,1.0,Semiurban,12876.0,Y,31.453867660764214
LP002387,Male,Yes,0,Graduate,No,2425,2340.0,143000.0,360.0,1.0,Semiurban,4765.0,Y,30.010493179433368
LP002390,Male,No,0,Graduate,No,3750,0.0,100000.0,360.0,1.0,Urban,3750.0,Y,26.666666666666668
LP002398,Male,No,0,Graduate,No,1926,1851.0,50000.0,360.0,1.0,Semiurban,3777.0,Y,13.238019592268996
LP002403,Male,No,0,Graduate,Yes,10416,0.0,187000.0,360.0,0.0,Urban,10416.0,N,17.953149001536097
LP002407,Female,Yes,0,Not Graduate,Yes,7142,0.0,138000.0,360.0,1.0,Rural,7142.0,Y,19.322318678241388
LP002408,Male,No,0,Graduate,No,3660,5064.0,187000.0,360.0,1.0,Semiurban,8724.0,Y,21.435121503897296
LP002409,Male,Yes,0,Graduate,No,7901,1833.0,180000.0,360.0,1.0,Rural,9734.0,Y,18.491884117526197
LP002418,Male,No,3+,Not Graduate,No,4707,1993.0,148000.0,360.0,1.0,Semiurban,6700.0,Y,22.08955223880597
LP002422,Male,No,1,Graduate,No,37719,0.0,152000.0,360.0,1.0,Semiurban,37719.0,Y,4.029799305389856
LP002429,Male,Yes,1,Graduate,Yes,3466,1210.0,130000.0,360.0,1.0,Rural,4676.0,Y,27.80153977758768
LP002434,Male,Yes,2,Not Graduate,No,4652,0.0,110000.0,360.0,1.0,Rural,4652.0,Y,23.6457437661221
LP002435,Male,Yes,0,Graduate,No,3539,1376.0,55000.0,360.0,1.0,Rural,4915.0,N,11.190233977619531
LP002443,Male,Yes,2,Graduate,No,3340,1710.0,150000.0,360.0,0.0,Rural,5050.0,N,29.702970297029704
LP002446,Male,Yes,2,Not Graduate,No,2309,1255.0,125000.0,360.0,0.0,Rural,3564.0,N,35.072951739618404
LP002448,Male,Yes,0,Graduate,No,3948,1733.0,149000.0,360.0,0.0,Rural,5681.0,N,26.22777679985918
LP002449,Male,Yes,0,Graduate,No,2483,2466.0,90000.0,180.0,0.0,Rural,4949.0,Y,18.185492018589613
LP002453,Male,No,0,Graduate,Yes,7085,0.0,84000.0,360.0,1.0,Semiurban,7085.0,Y,11.856033874382499
LP002455,Male,Yes,2,Graduate,No,3859,0.0,96000.0,360.0,1.0,Semiurban,3859.0,Y,24.876911116869657
LP002459,Male,Yes,0,Graduate,No,4301,0.0,118000.0,360.0,1.0,Urban,4301.0,Y,27.435480120902117
LP002467,Male,Yes,0,Graduate,No,3708,2569.0,173000.0,360.0,1.0,Urban,6277.0,N,27.560936753226063
LP002472,Male,No,2,Graduate,No,4354,0.0,136000.0,360.0,1.0,Rural,4354.0,Y,31.23564538355535
LP002473,Male,Yes,0,Graduate,No,8334,0.0,160000.0,360.0,1.0,Semiurban,8334.0,N,19.19846412287017
LP002484,Male,Yes,3+,Graduate,No,7740,0.0,128000.0,180.0,1.0,Urban,7740.0,Y,16.537467700258397
LP002487,Male,Yes,0,Graduate,No,3015,2188.0,153000.0,360.0,1.0,Rural,5203.0,Y,29.40611185854315
LP002489,Female,No,1,Not Graduate,No,5191,0.0,132000.0,360.0,1.0,Semiurban,5191.0,Y,25.42862646888846
LP002493,Male,No,0,Graduate,No,4166,0.0,98000.0,360.0,0.0,Semiurban,4166.0,N,23.523763802208354
LP002494,Male,No,0,Graduate,No,6000,0.0,140000.0,360.0,1.0,Rural,6000.0,Y,23.333333333333332
LP002500,Male,Yes,3+,Not Graduate,No,2947,1664.0,70000.0,180.0,0.0,Urban,4611.0,N,15.181088700932552
LP002501,Male,Yes,0,Graduate,No,16692,0.0,110000.0,360.0,1.0,Semiurban,16692.0,Y,6.589983225497244
LP002502,Female,Yes,2,Not Graduate,No,210,2917.0,98000.0,360.0,1.0,Semiurban,3127.0,Y,31.33994243684042
LP002505,Male,Yes,0,Graduate,No,4333,2451.0,110000.0,360.0,1.0,Urban,6784.0,N,16.214622641509433
LP002515,Male,Yes,1,Graduate,Yes,3450,2079.0,162000.0,360.0,1.0,Semiurban,5529.0,Y,29.30005425935974
LP002517,Male,Yes,1,Not Graduate,No,2653,1500.0,113000.0,180.0,0.0,Rural,4153.0,N,27.209246327955693
LP002519,Male,Yes,3+,Graduate,No,4691,0.0,100000.0,360.0,1.0,Semiurban,4691.0,Y,21.317416329140908
LP002524,Male,No,2,Graduate,No,5532,4648.0,162000.0,360.0,1.0,Rural,10180.0,Y,15.913555992141454
LP002527,Male,Yes,2,Graduate,Yes,16525,1014.0,150000.0,360.0,1.0,Rural,17539.0,Y,8.552369006214722
LP002529,Male,Yes,2,Graduate,No,6700,1750.0,230000.0,300.0,1.0,Semiurban,8450.0,Y,27.218934911242602
LP002530,Male,Yes,2,Graduate,No,2873,1872.0,132000.0,360.0,0.0,Semiurban,4745.0,N,27.818756585879875
LP002531,Male,Yes,1,Graduate,Yes,16667,2250.0,86000.0,360.0,1.0,Semiurban,18917.0,Y,4.546175397790347
LP002534,Female,No,0,Not Graduate,No,4350,0.0,154000.0,360.0,1.0,Rural,4350.0,Y,35.40229885057471
LP002536,Male,Yes,3+,Not Graduate,No,3095,0.0,113000.0,360.0,1.0,Rural,3095.0,Y,36.51050080775444
LP002537,Male,Yes,0,Graduate,No,2083,3150.0,128000.0,360.0,1.0,Semiurban,5233.0,Y,24.460156697878844
LP002541,Male,Yes,0,Graduate,No,10833,0.0,234000.0,360.0,1.0,Semiurban,10833.0,Y,21.60066463583495
LP002543,Male,Yes,2,Graduate,No,8333,0.0,246000.0,360.0,1.0,Semiurban,8333.0,Y,29.52118084723389
LP002544,Male,Yes,1,Not Graduate,No,1958,2436.0,131000.0,360.0,1.0,Rural,4394.0,Y,29.813381884387802
LP002545,Male,No,2,Graduate,No,3547,0.0,80000.0,360.0,0.0,Rural,3547.0,N,22.554271215111363
LP002547,Male,Yes,1,Graduate,No,18333,0.0,500000.0,360.0,1.0,Urban,18333.0,N,27.27322314951181
LP002555,Male,Yes,2,Graduate,Yes,4583,2083.0,160000.0,360.0,1.0,Semiurban,6666.0,Y,24.002400240024002
LP002556,Male,No,0,Graduate,No,2435,0.0,75000.0,360.0,1.0,Urban,2435.0,N,30.80082135523614
LP002571,Male,No,0,Not Graduate,No,3691,0.0,110000.0,360.0,1.0,Rural,3691.0,Y,29.802221620157137
LP002582,Female,No,0,Not Graduate,Yes,17263,0.0,225000.0,360.0,1.0,Semiurban,17263.0,Y,13.033655795632278
LP002585,Male,Yes,0,Graduate,No,3597,2157.0,119000.0,360.0,0.0,Rural,5754.0,N,20.68126520681265
LP002586,Female,Yes,1,Graduate,No,3326,913.0,105000.0,84.0,1.0,Semiurban,4239.0,Y,24.769992922859164
LP002587,Male,Yes,0,Not Graduate,No,2600,1700.0,107000.0,360.0,1.0,Rural,4300.0,Y,24.88372093023256
LP002600,Male,Yes,1,Graduate,Yes,2895,0.0,95000.0,360.0,1.0,Semiurban,2895.0,Y,32.81519861830743
LP002602,Male,No,0,Graduate,No,6283,4416.0,209000.0,360.0,0.0,Rural,10699.0,N,19.534535937938124
LP002603,Female,No,0,Graduate,No,645,3683.0,113000.0,480.0,1.0,Rural,4328.0,Y,26.109057301293902
LP002606,Female,No,0,Graduate,No,3159,0.0,100000.0,360.0,1.0,Semiurban,3159.0,Y,31.655587211142766
LP002615,Male,Yes,2,Graduate,No,4865,5624.0,208000.0,360.0,1.0,Semiurban,10489.0,Y,19.83029840785585
LP002619,Male,Yes,0,Not Graduate,No,3814,1483.0,124000.0,300.0,1.0,Semiurban,5297.0,Y,23.4094770624882
LP002622,Male,Yes,2,Graduate,No,3510,4416.0,243000.0,360.0,1.0,Rural,7926.0,Y,30.658591975775927
LP002625,Male,No,0,Graduate,No,3583,0.0,96000.0,360.0,1.0,Urban,3583.0,N,26.793190064192018
LP002626,Male,Yes,0,Graduate,Yes,2479,3013.0,188000.0,360.0,1.0,Urban,5492.0,Y,34.23160961398398
LP002634,Female,No,1,Graduate,No,13262,0.0,40000.0,360.0,1.0,Urban,13262.0,Y,3.0161363293620873
LP002637,Male,No,0,Not Graduate,No,3598,1287.0,100000.0,360.0,1.0,Rural,4885.0,N,20.470829068577277
LP002640,Male,Yes,1,Graduate,No,6065,2004.0,250000.0,360.0,1.0,Semiurban,8069.0,Y,30.982773577890693
LP002643,Male,Yes,2,Graduate,No,3283,2035.0,148000.0,360.0,1.0,Urban,5318.0,Y,27.830011282437006
LP002648,Male,Yes,0,Graduate,No,2130,6666.0,70000.0,180.0,1.0,Semiurban,8796.0,N,7.958162801273306
LP002652,Male,No,0,Graduate,No,5815,3666.0,311000.0,360.0,1.0,Rural,9481.0,N,32.80244699926168
LP002659,Male,Yes,3+,Graduate,No,3466,3428.0,150000.0,360.0,1.0,Rural,6894.0,Y,21.75805047867711
LP002670,Female,Yes,2,Graduate,No,2031,1632.0,113000.0,480.0,1.0,Semiurban,3663.0,Y,30.84903084903085
LP002682,Male,Yes,0,Not Graduate,No,3074,1800.0,123000.0,360.0,0.0,Semiurban,4874.0,N,25.235945835043086
LP002683,Male,No,0,Graduate,No,4683,1915.0,185000.0,360.0,1.0,Semiurban,6598.0,N,28.03879963625341
LP002684,Female,No,0,Not Graduate,No,3400,0.0,95000.0,360.0,1.0,Rural,3400.0,N,27.941176470588236
LP002689,Male,Yes,2,Not Graduate,No,2192,1742.0,45000.0,360.0,1.0,Semiurban,3934.0,Y,11.438739196746313
LP002690,Male,No,0,Graduate,No,2500,0.0,55000.0,360.0,1.0,Semiurban,2500.0,Y,22.0
LP002692,Male,Yes,3+,Graduate,Yes,5677,1424.0,100000.0,360.0,1.0,Rural,7101.0,Y,14.08252358822701
LP002693,Male,Yes,2,Graduate,Yes,7948,7166.0,480000.0,360.0,1.0,Rural,15114.0,Y,31.758634378721716
LP002699,Male,Yes,2,Graduate,Yes,17500,0.0,400000.0,360.0,1.0,Rural,17500.0,Y,22.857142857142858
LP002705,Male,Yes,0,Graduate,No,3775,0.0,110000.0,360.0,1.0,Semiurban,3775.0,Y,29.13907284768212
LP002706,Male,Yes,1,Not Graduate,No,5285,1430.0,161000.0,360.0,0.0,Semiurban,6715.0,Y,23.976172747580044
LP002714,Male,No,1,Not Graduate,No,2679,1302.0,94000.0,360.0,1.0,Semiurban,3981.0,Y,23.61215774930922
LP002716,Male,No,0,Not Graduate,No,6783,0.0,130000.0,360.0,1.0,Semiurban,6783.0,Y,19.165560961226596
LP002720,Male,Yes,3+,Graduate,No,4281,0.0,100000.0,360.0,1.0,Urban,4281.0,Y,23.3590282644242
LP002723,Male,No,2,Graduate,No,3588,0.0,110000.0,360.0,0.0,Rural,3588.0,N,30.657748049052397
LP002731,Female,No,0,Not Graduate,Yes,18165,0.0,125000.0,360.0,1.0,Urban,18165.0,Y,6.881365262868153
LP002732,Male,No,0,Not Graduate,No,2550,2042.0,126000.0,360.0,1.0,Rural,4592.0,Y,27.4390243902439
LP002734,Male,Yes,0,Graduate,No,6133,3906.0,324000.0,360.0,1.0,Urban,10039.0,Y,32.27413088953083
LP002738,Male,No,2,Graduate,No,3617,0.0,107000.0,360.0,1.0,Semiurban,3617.0,Y,29.58252695604092
LP002739,Male,Yes,0,Not Graduate,No,2917,536.0,66000.0,360.0,1.0,Rural,3453.0,N,19.113814074717638
LP002740,Male,Yes,3+,Graduate,No,6417,0.0,157000.0,180.0,1.0,Rural,6417.0,Y,24.46626149290946
LP002741,Female,Yes,1,Graduate,No,4608,2845.0,140000.0,180.0,1.0,Semiurban,7453.0,Y,18.784382128002147
LP002743,Female,No,0,Graduate,No,2138,0.0,99000.0,360.0,0.0,Semiurban,2138.0,N,46.30495790458372
LP002753,Female,No,1,Graduate,No,3652,0.0,95000.0,360.0,1.0,Semiurban,3652.0,Y,26.013143483023
LP002755,Male,Yes,1,Not Graduate,No,2239,2524.0,128000.0,360.0,1.0,Urban,4763.0,Y,26.873819021625025
LP002767,Male,Yes,0,Graduate,No,2768,1950.0,155000.0,360.0,1.0,Rural,4718.0,Y,32.852903772785076
LP002768,Male,No,0,Not Graduate,No,3358,0.0,80000.0,36.0,1.0,Semiurban,3358.0,N,23.823704586063133
LP002772,Male,No,0,Graduate,No,2526,1783.0,145000.0,360.0,1.0,Rural,4309.0,Y,33.65049895567417
LP002776,Female,No,0,Graduate,No,5000,0.0,103000.0,360.0,0.0,Semiurban,5000.0,N,20.6
LP002777,Male,Yes,0,Graduate,No,2785,2016.0,110000.0,360.0,1.0,Rural,4801.0,Y,22.911893355550927
LP002785,Male,Yes,1,Graduate,No,3333,3250.0,158000.0,360.0,1.0,Urban,6583.0,Y,24.001215251405135
LP002788,Male,Yes,0,Not Graduate,No,2454,2333.0,181000.0,360.0,0.0,Urban,4787.0,N,37.81073741382912
LP002789,Male,Yes,0,Graduate,No,3593,4266.0,132000.0,180.0,0.0,Rural,7859.0,N,16.79603002926581
LP002792,Male,Yes,1,Graduate,No,5468,1032.0,26000.0,360.0,1.0,Semiurban,6500.0,Y,4.0
LP002795,Male,Yes,3+,Graduate,Yes,10139,0.0,260000.0,360.0,1.0,Semiurban,10139.0,Y,25.64355459118256
LP002798,Male,Yes,0,Graduate,No,3887,2669.0,162000.0,360.0,1.0,Semiurban,6556.0,Y,24.71018913971934
LP002804,Female,Yes,0,Graduate,No,4180,2306.0,182000.0,360.0,1.0,Semiurban,6486.0,Y,28.060437866173295
LP002807,Male,Yes,2,Not Graduate,No,3675,242.0,108000.0,360.0,1.0,Semiurban,3917.0,Y,27.572121521572633
LP002813,Female,Yes,1,Graduate,Yes,19484,0.0,600000.0,360.0,1.0,Semiurban,19484.0,Y,30.794498049681792
LP002820,Male,Yes,0,Graduate,No,5923,2054.0,211000.0,360.0,1.0,Rural,7977.0,Y,26.45104675943337
LP002821,Male,No,0,Not Graduate,Yes,5800,0.0,132000.0,360.0,1.0,Semiurban,5800.0,Y,22.75862068965517
LP002832,Male,Yes,2,Graduate,No,8799,0.0,258000.0,360.0,0.0,Urban,8799.0,N,29.321513808387316
LP002836,Male,No,0,Graduate,No,3333,0.0,70000.0,360.0,1.0,Urban,3333.0,Y,21.002100210021002
LP002837,Male,Yes,3+,Graduate,No,3400,2500.0,123000.0,360.0,0.0,Rural,5900.0,N,20.847457627118644
LP002840,Female,No,0,Graduate,No,2378,0.0,9000.0,360.0,1.0,Urban,2378.0,N,3.7846930193439867
LP002841,Male,Yes,0,Graduate,No,3166,2064.0,104000.0,360.0,0.0,Urban,5230.0,N,19.88527724665392
LP002842,Male,Yes,1,Graduate,No,3417,1750.0,186000.0,360.0,1.0,Urban,5167.0,Y,35.99767756918909
LP002847,Male,Yes,0,Graduate,No,5116,1451.0,165000.0,360.0,0.0,Urban,6567.0,N,25.12562814070352
LP002855,Male,Yes,2,Graduate,No,16666,0.0,275000.0,360.0,1.0,Urban,16666.0,Y,16.500660026401057
LP002862,Male,Yes,2,Not Graduate,No,6125,1625.0,187000.0,480.0,1.0,Semiurban,7750.0,N,24.129032258064516
LP002863,Male,Yes,3+,Graduate,No,6406,0.0,150000.0,360.0,1.0,Semiurban,6406.0,N,23.415547923821418
LP002868,Male,Yes,2,Graduate,No,3159,461.0,108000.0,84.0,1.0,Urban,3620.0,Y,29.834254143646408
LP002872,Male,Yes,0,Graduate,No,3087,2210.0,136000.0,360.0,0.0,Semiurban,5297.0,N,25.674910326599964
LP002874,Male,No,0,Graduate,No,3229,2739.0,110000.0,360.0,1.0,Urban,5968.0,Y,18.431635388739945
LP002877,Male,Yes,1,Graduate,No,1782,2232.0,107000.0,360.0,1.0,Rural,4014.0,Y,26.656701544593922
LP002888,Male,No,0,Graduate,No,3182,2917.0,161000.0,360.0,1.0,Urban,6099.0,Y,26.397770126250204
LP002892,Male,Yes,2,Graduate,No,6540,0.0,205000.0,360.0,1.0,Semiurban,6540.0,Y,31.345565749235472
LP002893,Male,No,0,Graduate,No,1836,33837.0,90000.0,360.0,1.0,Urban,35673.0,N,2.5229164914641324
LP002894,Female,Yes,0,Graduate,No,3166,0.0,36000.0,360.0,1.0,Semiurban,3166.0,Y,11.37081490840177
LP002911,Male,Yes,1,Graduate,No,2787,1917.0,146000.0,360.0,0.0,Rural,4704.0,N,31.037414965986393
LP002912,Male,Yes,1,Graduate,No,4283,3000.0,172000.0,84.0,1.0,Rural,7283.0,N,23.61664149388988
LP002916,Male,Yes,0,Graduate,No,2297,1522.0,104000.0,360.0,1.0,Urban,3819.0,Y,27.232259753862266
LP002917,Female,No,0,Not Graduate,No,2165,0.0,70000.0,360.0,1.0,Semiurban,2165.0,Y,32.33256351039261
LP002925,Male,No,0,Graduate,No,4750,0.0,94000.0,360.0,1.0,Semiurban,4750.0,Y,19.789473684210527
LP002926,Male,Yes,2,Graduate,Yes,2726,0.0,106000.0,360.0,0.0,Semiurban,2726.0,N,38.88481291269259
LP002928,Male,Yes,0,Graduate,No,3000,3416.0,56000.0,180.0,1.0,Semiurban,6416.0,Y,8.728179551122194
LP002931,Male,Yes,2,Graduate,Yes,6000,0.0,205000.0,240.0,1.0,Semiurban,6000.0,N,34.166666666666664
LP002933,Male,No,3+,Graduate,Yes,9357,0.0,292000.0,360.0,1.0,Semiurban,9357.0,Y,31.206583306615368
LP002936,Male,Yes,0,Graduate,No,3859,3300.0,142000.0,180.0,1.0,Rural,7159.0,Y,19.835172510127112
LP002938,Male,Yes,0,Graduate,Yes,16120,0.0,260000.0,360.0,1.0,Urban,16120.0,Y,16.129032258064516
LP002940,Male,No,0,Not Graduate,No,3833,0.0,110000.0,360.0,1.0,Rural,3833.0,Y,28.69814766501435
LP002941,Male,Yes,2,Not Graduate,Yes,6383,1000.0,187000.0,360.0,1.0,Rural,7383.0,N,25.328457266693757
LP002943,Male,No,0,Graduate,No,2987,0.0,88000.0,360.0,0.0,Semiurban,2987.0,N,29.46099765651155
LP002945,Male,Yes,0,Graduate,Yes,9963,0.0,180000.0,360.0,1.0,Rural,9963.0,Y,18.066847335140018
LP002948,Male,Yes,2,Graduate,No,5780,0.0,192000.0,360.0,1.0,Urban,5780.0,Y,33.21799307958477
LP002950,Male,Yes,0,Not Graduate,No,2894,2792.0,155000.0,360.0,1.0,Rural,5686.0,Y,27.259936686598664
LP002953,Male,Yes,3+,Graduate,No,5703,0.0,128000.0,360.0,1.0,Urban,5703.0,Y,22.44432754690514
LP002958,Male,No,0,Graduate,No,3676,4301.0,172000.0,360.0,1.0,Rural,7977.0,Y,21.561990723329572
LP002959,Female,Yes,1,Graduate,No,12000,0.0,496000.0,360.0,1.0,Semiurban,12000.0,Y,41.333333333333336
LP002961,Male,Yes,1,Graduate,No,3400,2500.0,173000.0,360.0,1.0,Semiurban,5900.0,Y,29.322033898305083
LP002964,Male,Yes,2,Not Graduate,No,3987,1411.0,157000.0,360.0,1.0,Rural,5398.0,Y,29.084846239347907
LP002974,Male,Yes,0,Graduate,No,3232,1950.0,108000.0,360.0,1.0,Rural,5182.0,Y,20.841373986877652
LP002978,Female,No,0,Graduate,No,2900,0.0,71000.0,360.0,1.0,Rural,2900.0,Y,24.482758620689655
LP002979,Male,Yes,3+,Graduate,No,4106,0.0,40000.0,180.0,1.0,Rural,4106.0,Y,9.74184120798831
LP002983,Male,Yes,1,Graduate,No,8072,240.0,253000.0,360.0,1.0,Urban,8312.0,Y,30.437921077959576
LP002984,Male,Yes,2,Graduate,No,7583,0.0,187000.0,360.0,1.0,Urban,7583.0,Y,24.66042463404985
LP002990,Female,No,0,Graduate,Yes,4583,0.0,133000.0,360.0,0.0,Semiurban,4583.0,N,29.02029238490072
